{"stat.drop.minecraft.waterlily":1,"stat.walkOneCm":35686,"stat.pickup.minecraft.bone":27,"stat.useItem.minecraft.fish":2,"stat.pickup.minecraft.stick":8,"stat.pickup.minecraft.wooden_axe":3,"stat.pickup.minecraft.arrow":9,"stat.pickup.minecraft.waterlily":1,"stat.pickup.minecraft.iron_sword":1,"stat.pickup.minecraft.crafting_table":2,"stat.entityKilledBy.betteranimalsplus.shark":3,"stat.pickup.minecraft.stone_pickaxe":1,"stat.craftItem.minecraft.crafting_table":2,"stat.furnaceInteraction":14,"stat.useItem.minecraft.apple":2,"stat.pickup.minecraft.wooden_sword":1,"stat.pickup.minecraft.log":30,"stat.killEntity.betteranimalsplus.shark":2,"stat.swimOneCm":10946,"stat.jump":227,"stat.pickup.minecraft.iron_helmet":1,"stat.pickup.minecraft.iron_ingot":2,"stat.fallOneCm":6371,"stat.climbOneCm":913,"stat.pickup.minecraft.furnace":2,"stat.craftItem.minecraft.stone_slab2":0,"stat.pickup.minecraft.porkchop":14,"stat.craftItem.minecraft.iron_chestplate":1,"stat.crouchOneCm":1723,"stat.craftItem.minecraft.iron_ingot":15,"stat.pickup.minecraft.sapling":9,"stat.craftItem.minecraft.iron_helmet":1,"stat.sprintOneCm":11817,"stat.useItem.minecraft.stone_slab2":4,"stat.pickup.minecraft.iron_chestplate":1,"stat.pickup.minecraft.apple":2,"stat.craftItem.minecraft.stick":12,"stat.craftItem.minecraft.wooden_axe":1,"stat.craftingTableInteraction":11,"stat.pickup.minecraft.iron_ore":17,"stat.pickup.minecraft.rotten_flesh":8,"stat.killEntity.Skeleton":1,"stat.craftItem.minecraft.furnace":1,"stat.craftItem.minecraft.planks":40,"stat.useItem.minecraft.iron_sword":1,"stat.pickup.minecraft.wooden_pickaxe":1,"stat.damageTaken":842,"stat.mineBlock.minecraft.crafting_table":2,"stat.craftItem.minecraft.stone_pickaxe":1,"stat.useItem.minecraft.wooden_pickaxe":3,"stat.pickup.minecraft.prismarine_shard":11,"stat.mobKills":13,"stat.pickup.minecraft.cobblestone":15,"stat.craftItem.minecraft.wooden_sword":1,"stat.mineBlock.minecraft.log":17,"stat.pickup.minecraft.planks":33,"stat.mineBlock.minecraft.waterlily":1,"stat.flyOneCm":30315,"stat.deaths":3,"stat.pickup.minecraft.bowl":4,"stat.pickup.minecraft.brown_mushroom":3,"stat.drop":1,"stat.pickup.minecraft.egg":4,"stat.mineBlock.minecraft.leaves":1,"stat.playOneMinute":15386,"stat.pickup.minecraft.fish":17,"stat.useItem.minecraft.wooden_sword":10,"stat.useItem.minecraft.stone_pickaxe":29,"stat.sneakTime":341,"stat.pickup.minecraft.slime_ball":8,"stat.damageDealt":1862,"stat.mineBlock.minecraft.iron_ore":17,"stat.killEntity.Zombie":5,"stat.craftItem.minecraft.bowl":4,"stat.timeSinceDeath":678,"stat.useItem.minecraft.wooden_axe":34,"stat.craftItem.minecraft.wooden_pickaxe":1,"stat.mineBlock.minecraft.stone":15,"stat.killEntity.Pig":4,"stat.mineBlock.minecraft.tallgrass":1,"stat.diveOneCm":3184,"stat.craftItem.minecraft.iron_sword":1}