{"stat.pickup.minecraft.rotten_flesh":6,"stat.walkOneCm":9288,"stat.pickup.minecraft.bone":1,"stat.craftItem.minecraft.planks":12,"stat.pickup.minecraft.crafting_table":1,"stat.damageTaken":125,"stat.mineBlock.minecraft.crafting_table":1,"stat.craftItem.minecraft.crafting_table":1,"stat.pickup.minecraft.prismarine_shard":1,"stat.mobKills":3,"stat.mineBlock.minecraft.log":5,"stat.pickup.minecraft.log":5,"stat.flyOneCm":2173,"stat.jump":38,"stat.swimOneCm":3580,"stat.playOneMinute":2786,"stat.pickup.minecraft.fish":1,"stat.pickup.minecraft.iron_ingot":1,"stat.sneakTime":12,"stat.pickup.minecraft.slime_ball":2,"stat.damageDealt":473,"stat.crouchOneCm":96,"stat.killEntity.Zombie":3,"stat.timeSinceDeath":2786,"stat.useItem.minecraft.wooden_axe":3,"stat.sprintOneCm":3009,"stat.useItem.minecraft.stone_slab2":1,"stat.mineBlock.minecraft.tallgrass":1,"stat.diveOneCm":257,"stat.craftItem.minecraft.stick":4,"stat.craftItem.minecraft.wooden_axe":1,"stat.craftingTableInteraction":1}