{"stat.pickup.minecraft.log":4,"stat.flyOneCm":2546,"stat.deaths":2,"stat.walkOneCm":15401,"stat.jump":42,"stat.swimOneCm":238,"stat.mineBlock.minecraft.leaves":1,"stat.playOneMinute":8599,"stat.fallOneCm":1347,"stat.climbOneCm":1779,"stat.entityKilledBy.Zombie":1,"stat.entityKilledBy.betteranimalsplus.shark":1,"stat.damageTaken":580,"stat.damageDealt":199,"stat.killEntity.Zombie":1,"stat.timeSinceDeath":4489,"stat.sprintOneCm":2350,"stat.mobKills":1,"stat.mineBlock.minecraft.log":4,"stat.mineBlock.minecraft.tallgrass":2,"stat.diveOneCm":1735}