{"stat.walkOneCm":50458,"stat.pickup.minecraft.bone":7,"stat.pickup.minecraft.stick":2,"stat.pickup.minecraft.wooden_axe":1,"stat.pickup.minecraft.waterlily":1,"stat.entityKilledBy.betteranimalsplus.shark":2,"stat.pickup.minecraft.crafting_table":3,"stat.craftItem.minecraft.cooked_porkchop":1,"stat.pickup.minecraft.stone_pickaxe":2,"stat.craftItem.minecraft.crafting_table":1,"stat.furnaceInteraction":3,"stat.pickup.minecraft.stone_axe":1,"stat.useItem.minecraft.apple":1,"stat.mineBlock.minecraft.coal_ore":6,"stat.useItem.minecraft.porkchop":2,"stat.pickup.minecraft.wooden_sword":1,"stat.pickup.minecraft.log":10,"stat.pickup.ageofweapons.war_axe_iron":3,"stat.killEntity.betteranimalsplus.shark":3,"stat.swimOneCm":18699,"stat.jump":192,"stat.pickup.minecraft.coal":28,"stat.climbOneCm":1779,"stat.fallOneCm":3795,"stat.pickup.minecraft.furnace":1,"stat.pickup.minecraft.cooked_porkchop":1,"stat.useItem.minecraft.stone_axe":1,"stat.craftItem.minecraft.stone_slab2":0,"stat.pickup.minecraft.porkchop":14,"stat.pickup.minecraft.gunpowder":9,"stat.crouchOneCm":151,"stat.pickup.minecraft.sapling":3,"stat.pickup.minecraft.dirt":61,"stat.useItem.minecraft.dirt":3,"stat.sprintOneCm":13846,"stat.useItem.minecraft.stone_slab2":2,"stat.pickup.minecraft.apple":5,"stat.craftItem.minecraft.stick":12,"stat.craftItem.minecraft.wooden_axe":1,"stat.craftingTableInteraction":10,"stat.drop.minecraft.furnace":1,"stat.pickup.minecraft.rotten_flesh":79,"stat.craftItem.minecraft.furnace":3,"stat.craftItem.minecraft.planks":20,"stat.useItem.minecraft.egg":1,"stat.craftItem.minecraft.stone_axe":1,"stat.pickup.minecraft.wooden_pickaxe":1,"stat.damageTaken":1135,"stat.mineBlock.minecraft.crafting_table":2,"stat.pickup.minecraft.bucket":3,"stat.pickup.minecraft.stone_sword":2,"stat.craftItem.minecraft.stone_pickaxe":1,"stat.useItem.minecraft.wooden_pickaxe":5,"stat.useItem.minecraft.furnace":1,"stat.mobKills":20,"stat.pickup.minecraft.cobblestone":69,"stat.craftItem.minecraft.wooden_sword":1,"stat.mineBlock.minecraft.log":7,"stat.mineBlock.minecraft.waterlily":1,"stat.pickup.minecraft.planks":2,"stat.pickup.minecraft.reeds":30,"stat.craftItem.minecraft.stone_sword":1,"stat.flyOneCm":19195,"stat.deaths":4,"stat.drop":1,"stat.mineBlock.minecraft.leaves":2,"stat.pickup.minecraft.egg":1,"stat.playOneMinute":21199,"stat.pickup.minecraft.fish":5,"stat.entityKilledBy.Zombie":2,"stat.useItem.minecraft.wooden_sword":6,"stat.useItem.minecraft.stone_pickaxe":33,"stat.useItem.ageofweapons.war_axe_iron":19,"stat.sneakTime":58,"stat.useItem.minecraft.stone_sword":22,"stat.damageDealt":2754,"stat.killEntity.Zombie":13,"stat.timeSinceDeath":1040,"stat.useItem.minecraft.wooden_axe":15,"stat.killEntity.Pig":4,"stat.craftItem.minecraft.wooden_pickaxe":1,"stat.mineBlock.minecraft.stone":32,"stat.mineBlock.minecraft.tallgrass":5,"stat.diveOneCm":4451}